AAV2020;Indice_Homogeneite;PCT_SOCIAUX
618;15.29;0.84
CHA;15.92;0.87
529;10.62;0.87
550;3.68;0.92
523;6.7;0.98
621;18.05;1.06
537;16.62;1.1
606;11.15;1.15
669;13.19;1.17
361;7.25;1.23
464;7.25;1.23
495;4.71;1.24
528;5.84;1.31
639;9.91;1.32
354;11.39;1.33
598;2.33;1.36
578;1.81;1.37
564;7.95;1.38
681;11.23;1.38
298;7.02;1.42
386;12.69;1.47
284;8.18;1.63
384;2.94;1.63
453;6.26;1.65
526;11.08;1.7
632;7.98;1.72
414;8.48;1.73
192;7.96;1.76
9D7;20.76;1.82
661;11.66;1.83
538;7.41;1.86
331;11.53;1.96
502;9.02;1.98
170;13.82;2.02
231;3.55;2.05
410;7.04;2.08
131;6.5;2.1
615;10.76;2.26
355;12.97;2.27
501;17.45;2.33
271;7.79;2.34
316;4.15;2.37
302;2.38;2.38
315;11.69;2.39
455;9.29;2.47
506;6.87;2.5
314;9.38;2.5
675;2.06;2.51
549;7.09;2.52
579;5.34;2.53
542;8.61;2.56
546;11.53;2.57
377;12.12;2.6
166;6.87;2.63
425;11.8;2.66
540;6.27;2.66
497;2.98;2.74
434;9.99;2.75
599;6.68;2.76
483;10.98;2.77
492;6.28;2.8
359;5.09;2.83
657;15.89;2.85
555;10.01;2.89
245;6.26;2.91
439;14.04;2.92
340;13.02;2.96
566;15.37;2.99
344;5.9;3.0
266;7.37;3.0
371;5.59;3.01
195;8.59;3.04
477;21.59;3.04
485;7.85;3.05
567;10.29;3.07
467;4.36;3.08
673;14.35;3.11
405;6.14;3.12
616;5.85;3.15
605;7.88;3.19
312;13.54;3.27
594;7.54;3.3
600;14.76;3.31
525;21.08;3.32
363;9.02;3.33
469;8.95;3.35
471;14.53;3.35
642;15.86;3.38
527;14.61;3.39
575;12.67;3.4
385;15.07;3.42
233;5.92;3.42
255;10.95;3.44
667;13.88;3.46
382;11.01;3.48
431;8.62;3.49
393;11.42;3.49
313;19.0;3.51
180;11.46;3.53
488;14.02;3.54
601;14.08;3.57
656;8.38;3.61
353;11.56;3.62
521;5.14;3.63
334;6.15;3.67
459;0.66;3.69
9A3;10.83;3.7
396;10.93;3.71
154;9.28;3.71
440;8.14;3.72
139;4.84;3.73
468;2.72;3.77
460;12.11;3.79
444;6.95;3.8
226;4.7;3.8
666;15.44;3.8
253;9.06;3.81
388;7.63;3.81
430;18.48;3.87
503;8.49;3.91
682;12.09;3.92
456;5.98;3.93
631;19.35;3.95
609;17.86;3.96
569;15.68;3.97
592;4.53;4.0
645;4.95;4.02
655;11.08;4.04
MON;11.65;4.05
531;14.2;4.05
408;4.15;4.09
281;6.76;4.09
558;14.05;4.11
517;22.07;4.12
327;8.26;4.13
532;11.2;4.14
349;3.27;4.16
323;12.1;4.21
366;15.34;4.23
254;10.69;4.23
412;5.3;4.25
533;18.82;4.25
329;10.42;4.26
296;8.88;4.27
474;16.73;4.29
391;9.92;4.31
591;14.53;4.33
515;11.89;4.35
293;15.99;4.36
369;8.39;4.36
324;9.58;4.38
390;7.86;4.39
583;4.6;4.41
541;18.54;4.42
641;17.86;4.42
339;6.3;4.45
543;10.27;4.46
188;10.07;4.48
103;6.06;4.48
325;2.54;4.52
92;5.75;4.52
486;13.65;4.52
662;21.02;4.53
404;8.85;4.55
617;6.7;4.62
646;11.5;4.62
292;6.42;4.64
199;10.33;4.65
175;10.46;4.67
509;17.43;4.76
411;21.24;4.79
654;15.19;4.79
500;10.77;4.8
677;3.39;4.81
290;6.89;4.83
158;9.16;4.83
670;18.45;4.88
519;6.98;4.89
419;8.21;4.93
597;10.5;4.94
651;15.46;4.95
438;12.86;4.95
387;20.04;4.98
127;11.96;4.99
383;11.24;5.02
421;7.17;5.03
664;9.28;5.07
490;6.14;5.08
368;13.42;5.08
241;12.57;5.09
513;3.13;5.11
518;7.41;5.13
522;4.02;5.16
143;7.02;5.19
650;12.61;5.2
445;24.69;5.2
121;12.46;5.28
113;4.53;5.29
246;22.3;5.3
568;17.07;5.35
373;14.7;5.35
181;14.06;5.35
207;13.19;5.39
129;8.15;5.4
611;14.57;5.41
551;19.51;5.43
229;22.87;5.44
202;11.88;5.45
548;18.0;5.46
530;11.43;5.46
574;19.05;5.49
219;13.81;5.51
275;5.19;5.55
376;7.44;5.56
672;14.63;5.56
106;10.8;5.57
406;7.46;5.58
173;16.39;5.59
305;13.45;5.61
614;20.78;5.66
379;22.76;5.67
547;22.67;5.67
238;6.09;5.68
306;4.34;5.7
478;14.35;5.72
593;19.4;5.73
309;14.34;5.73
463;8.07;5.77
649;5.79;5.77
98;9.8;5.78
407;8.41;5.79
635;20.4;5.82
335;7.35;5.85
333;13.96;5.85
311;13.34;5.88
447;20.63;5.88
247;8.62;5.89
437;11.54;5.9
301;7.6;5.9
381;13.78;5.91
310;8.05;5.92
636;14.11;5.93
214;8.76;5.95
360;11.51;5.97
321;21.65;5.98
514;18.08;5.99
498;17.09;6.03
398;10.23;6.04
120;7.22;6.06
577;8.4;6.07
206;12.73;6.08
458;5.29;6.09
289;15.74;6.1
235;11.16;6.13
87;7.74;6.21
72;7.19;6.22
115;9.18;6.22
443;11.19;6.24
395;5.71;6.24
402;22.62;6.24
337;22.74;6.25
570;12.57;6.26
544;13.83;6.27
137;3.88;6.27
351;15.39;6.28
462;15.08;6.29
587;7.12;6.31
427;7.71;6.34
370;17.08;6.34
350;6.28;6.35
186;7.29;6.37
559;6.78;6.37
348;16.12;6.37
320;8.03;6.42
607;19.61;6.48
60;7.53;6.49
105;7.91;6.49
441;16.73;6.49
152;9.53;6.49
279;11.06;6.49
535;12.13;6.5
608;13.25;6.51
250;17.16;6.51
225;11.13;6.53
345;3.68;6.54
272;11.79;6.54
81;7.88;6.6
365;11.65;6.62
465;15.66;6.63
259;13.5;6.66
179;10.79;6.68
330;10.94;6.69
211;5.96;6.7
475;15.23;6.71
553;15.68;6.71
228;15.99;6.78
30;7.25;6.79
511;13.39;6.81
31;4.11;6.83
451;18.77;6.85
148;5.1;6.87
149;7.64;6.88
224;8.41;6.88
111;8.65;6.89
276;15.38;6.89
449;15.39;6.89
194;12.11;6.97
557;13.15;6.97
17;5.94;7.06
153;6.22;7.06
217;16.78;7.08
189;14.26;7.08
637;11.5;7.09
227;16.52;7.1
145;7.69;7.11
285;9.96;7.13
663;11.52;7.13
343;5.58;7.13
297;15.23;7.16
205;8.18;7.16
420;7.73;7.19
612;6.71;7.2
580;12.28;7.26
204;13.59;7.26
268;11.39;7.29
213;7.0;7.3
BAL;9.77;7.31
248;13.56;7.31
110;8.9;7.33
416;17.24;7.36
589;4.63;7.37
367;11.76;7.38
429;21.38;7.4
244;12.3;7.4
140;10.43;7.44
466;21.27;7.46
126;6.67;7.49
155;11.5;7.51
56;7.95;7.51
432;7.05;7.53
457;11.32;7.53
573;26.18;7.57
446;6.44;7.6
602;16.87;7.61
499;12.51;7.61
123;9.52;7.61
435;9.5;7.65
347;17.3;7.66
82;6.77;7.74
203;11.05;7.74
556;8.73;7.75
545;12.79;7.78
341;11.15;7.8
210;8.53;7.8
119;8.09;7.81
375;9.72;7.89
342;4.8;7.89
295;8.59;7.89
282;10.1;7.91
278;9.56;7.93
665;15.01;7.93
378;16.55;7.96
63;8.32;8.03
392;7.09;8.03
132;9.3;8.04
18;7.55;8.08
263;14.1;8.17
563;10.52;8.2
251;7.38;8.2
633;7.47;8.22
536;9.12;8.28
261;5.11;8.29
257;10.03;8.39
104;7.93;8.4
232;17.31;8.4
629;22.3;8.44
624;19.67;8.49
212;17.23;8.52
588;11.85;8.56
286;9.75;8.61
668;11.23;8.64
277;14.5;8.65
582;4.46;8.66
249;5.57;8.7
174;5.67;8.71
159;7.13;8.72
55;7.72;8.78
117;12.25;8.79
489;10.84;8.79
603;22.58;8.81
436;16.72;8.82
93;7.82;8.82
9D4;7.57;8.85
91;9.19;8.86
44;6.34;8.88
79;8.88;8.9
169;12.92;8.91
12;5.83;8.93
52;6.52;8.95
108;11.37;8.97
198;14.64;8.98
57;5.96;9.01
9B3;25.28;9.03
109;12.3;9.05
510;6.98;9.05
161;10.1;9.05
47;5.03;9.11
516;8.86;9.12
190;6.02;9.12
291;11.72;9.13
671;5.3;9.14
571;23.25;9.15
101;8.54;9.15
493;16.57;9.17
352;6.88;9.18
240;9.69;9.19
147;10.33;9.19
332;12.92;9.2
171;14.25;9.24
648;11.11;9.27
187;7.48;9.27
610;18.52;9.32
403;14.18;9.34
415;12.53;9.38
470;18.83;9.4
336;11.03;9.41
397;14.29;9.42
267;8.55;9.44
308;21.79;9.45
230;9.73;9.47
252;14.75;9.51
234;9.63;9.54
590;17.23;9.55
504;6.37;9.57
338;10.99;9.72
196;11.19;9.73
49;6.22;9.73
428;9.88;9.74
37;6.92;9.82
356;14.41;9.85
107;6.67;9.9
9A2;12.59;9.94
208;12.63;9.96
5;8.9;9.98
88;6.09;9.99
520;8.49;10.04
185;5.87;10.04
507;14.19;10.11
346;9.91;10.16
66;10.54;10.16
362;16.93;10.16
GEN;7.57;10.17
191;20.87;10.21
422;17.01;10.21
585;9.02;10.21
494;20.83;10.23
481;12.35;10.23
565;8.91;10.25
274;10.61;10.27
32;8.56;10.31
LUX;13.06;10.33
193;13.55;10.34
423;11.16;10.35
223;13.29;10.35
9D2;10.83;10.36
328;11.14;10.38
96;13.3;10.4
572;13.47;10.43
LAU;8.97;10.43
43;4.88;10.44
307;12.07;10.45
122;12.84;10.45
554;12.23;10.48
674;18.42;10.48
623;16.85;10.52
85;9.94;10.57
487;16.64;10.58
51;5.14;10.59
294;9.66;10.61
102;9.62;10.63
604;14.62;10.65
491;16.09;10.65
452;16.47;10.65
326;8.68;10.68
539;10.73;10.69
142;10.07;10.72
89;7.65;10.76
134;9.49;10.76
46;9.54;10.8
165;7.38;10.84
433;13.73;10.85
380;14.92;10.87
97;10.81;10.88
524;5.92;10.88
482;8.7;10.89
236;11.76;10.93
62;8.05;10.99
304;3.12;11.05
67;12.41;11.06
552;12.11;11.08
418;8.32;11.12
300;13.69;11.15
417;12.59;11.15
640;10.47;11.18
479;14.44;11.21
627;15.05;11.21
222;9.45;11.27
40;4.97;11.3
70;8.87;11.36
41;7.8;11.41
138;12.22;11.43
628;5.35;11.51
151;7.82;11.53
45;7.55;11.53
613;13.88;11.55
239;7.73;11.62
678;26.29;11.64
596;9.7;11.67
64;9.94;11.69
28;7.42;11.7
319;12.55;11.71
201;5.64;11.78
178;11.75;11.79
9B2;20.09;11.8
260;13.31;11.87
262;12.22;11.92
141;6.66;11.95
133;9.96;11.98
534;18.54;11.99
454;32.71;12.01
9A1;7.21;12.02
163;13.0;12.06
177;11.21;12.06
6;6.08;12.09
182;8.37;12.11
401;18.21;12.12
22;7.05;12.13
450;19.34;12.14
14;8.08;12.21
172;12.27;12.24
SAR;15.67;12.25
200;6.21;12.25
442;10.97;12.27
53;6.75;12.3
424;17.86;12.3
273;14.24;12.33
58;8.86;12.33
13;8.14;12.34
8;7.86;12.37
10;7.66;12.38
135;6.71;12.41
84;8.01;12.46
562;15.39;12.54
576;24.46;12.55
426;15.68;12.56
74;7.56;12.6
318;15.0;12.61
280;17.17;12.63
29;9.69;12.66
626;17.37;12.68
20;8.86;12.68
3;6.85;12.74
50;5.82;12.74
658;24.04;12.77
9D5;17.54;12.79
75;10.28;12.81
237;11.27;12.9
372;17.67;12.91
125;10.56;12.93
25;7.87;12.96
9B1;10.06;13.04
258;18.71;13.11
118;9.87;13.12
472;18.57;13.27
476;22.27;13.3
95;9.33;13.34
157;10.85;13.35
243;10.33;13.36
647;23.61;13.41
270;16.83;13.42
400;15.7;13.46
484;13.28;13.48
9C2;14.74;13.56
620;14.51;13.6
288;12.14;13.62
94;12.63;13.67
399;8.23;13.9
505;8.35;13.93
116;10.72;13.98
100;11.09;14.05
34;9.8;14.19
33;8.61;14.25
80;8.28;14.28
584;19.45;14.31
595;12.23;14.38
389;17.09;14.42
358;16.03;14.49
461;19.65;14.51
448;15.8;14.57
164;12.48;14.58
146;15.26;14.63
167;8.22;14.68
473;15.54;14.69
150;5.06;14.74
24;7.57;14.74
652;10.17;14.76
413;13.8;14.83
659;16.82;14.89
35;9.69;14.89
162;11.28;14.89
86;7.8;14.92
209;11.75;14.94
299;9.59;14.99
220;12.15;15.04
78;7.88;15.11
124;11.58;15.12
2;7.25;15.12
19;7.61;15.15
23;7.41;15.26
69;9.12;15.3
9C1;8.55;15.42
61;12.42;15.68
394;4.02;15.72
643;19.84;15.73
357;12.0;15.95
264;16.72;15.99
73;15.31;16.04
480;15.32;16.13
9D6;17.48;16.13
215;11.07;16.23
176;13.87;16.3
65;8.75;16.36
83;9.98;16.52
160;13.67;16.6
364;7.45;16.74
114;10.73;16.78
197;14.64;16.84
679;9.92;16.91
619;12.56;16.98
265;8.69;16.99
638;15.32;17.04
561;19.49;17.14
218;15.18;17.32
136;13.37;17.4
76;9.92;17.4
130;9.43;17.56
156;20.43;17.59
242;15.32;17.69
68;12.33;18.26
625;12.88;18.31
26;7.24;18.34
676;20.67;18.42
287;16.59;18.58
54;9.38;18.6
90;12.52;18.81
653;17.4;18.83
183;10.97;18.96
680;17.75;19.0
4;8.97;19.03
71;10.66;19.37
586;23.3;19.43
317;15.3;19.85
630;12.7;20.07
644;20.16;20.35
128;10.86;20.44
15;8.73;20.45
216;15.6;20.45
38;11.91;20.57
77;16.65;20.58
374;12.57;20.58
184;17.9;20.76
144;9.73;20.94
283;19.78;20.96
9D1;10.3;21.07
39;11.51;21.3
660;32.31;21.36
634;26.09;21.43
581;15.01;22.31
48;13.0;22.51
59;13.99;22.53
9C3;11.59;22.66
168;13.36;22.93
303;16.25;23.29
322;21.96;23.33
36;7.65;23.33
112;11.37;23.6
508;17.1;27.68
622;37.2;27.77
221;18.98;27.84
560;13.17;28.79
269;15.77;29.6
42;16.59;29.71
496;21.17;30.29
409;19.69;30.93
256;20.85;33.32
512;20.29;35.6
9D3;24.48;46.02
1;11.54;
